Platform,MRP_May2022,MRP_PLMarch2021,Change_MRP
Myntra,2232.5192070917683,2232.5192070917683,0
Amazon,2247.789211146332,2247.789211146332,0
Ajio,2241.2640758021707,2241.2640758021707,0
Paytm,2238.4891338068114,2238.4891338068114,0
Flipkart,2243.1202242940503,2243.1202242940503,0
Snapdeal,2239.726566134731,2239.726566134731,0