Month,Total_Sales,Order_Count
05,26226476.749999948,36865
03,101683.85,150
06,23425809.379999988,32986
04,28838708.319999993,43029